<?xml version="1.0" encoding="utf-8"?>
<odoo>
    <data >

         <record id="student_class_data_1" model="student.class">
            <field name="name">1</field>
            <field name="department_id" ref="department_data_lp"/>
        </record>

        <record id="student_class_data_2" model="student.class">
            <field name="name">2</field>
            <field name="department_id" ref="department_data_lp"></field>
        </record>

        <record id="student_class_data_5" model="student.class">
            <field name="name">5</field>
            <field name="department_id" ref="department_data_up"></field>
        </record>

        <record id="student_class_data_8" model="student.class">
            <field name="name">8</field>
            <field name="department_id" ref="department_data_hs"></field>
        </record>

    </data>
</odoo>