<?xml version="1.0" encoding="UTF-8" ?>
<odoo>
    <record id="email_template_user_invitation" model="mail.template">
        <field name="name">User invitation</field>
        <field name="model_id" ref="school_management.model_student_registration"/>
        <field name="subject">Welcome to our school!</field>
        <field name="email_from">{{object.school_id.email}}</field>
        <field name="body_html" type="html">
            <div >
                <p>Hello,</p>
                <p>Welcome to our school,your
                    username and password is
                    <strong>
                        <t t-out="object.email"/>
                    </strong></p>
                <p>Thank you.</p>
            </div>
        </field>
    </record>
</odoo>