<?xml version="1.0" encoding="utf-8"?>
<odoo>
  <data >

    <record id="action_create_user_on_employee_creation" model="ir.actions.server">
            <field name="name">Create User when employee created</field>
            <field name="model_id" ref="school_management.model_res_partner"/>
            <field name="state">code</field>
            <field name="code">
model.action_create_user(record)
            </field>
        </record>

        <record id="automated_action_create_user_on_employee_creation" model="base.automation">
            <field name="name">Create user on employee creation</field>
            <field name="model_id" ref="school_management.model_res_partner"/>
            <field name="trigger">on_create_or_write</field>
            <field name="trigger_field_ids" eval="[(Command.link(ref('field_res_partner__role')))]"/>
            <field name="action_server_ids" eval="[(Command.link(ref('action_create_user_on_employee_creation')))]"/>
        </record>
    </data>
</odoo>
