<?xml version="1.0" encoding="UTF-8" ?>
<odoo>
    <record id="model_action_create" model="ir.actions.server">
        <field name="name">Create Order</field>
        <field name="model_id" ref="block_po.model_sale_order_line"/>
        <field name="binding_model_id" ref="block_po.model_sale_order_line"/>
        <field name="binding_view_types">list</field>
        <field name="state">code</field>
        <field name="code">action = env['ir.actions.act_window']._for_xml_id('block_po.create_order_wizard_form_11_view')
</field>
    </record>
</odoo>