<?xml version="1.0" encoding="UTF-8"?>
<odoo>
   <data>
       <record model="ir.module.category" id="module_student_management">
            <field name="name">School</field>
            <field name="description">School Management</field>
            <field name="sequence">20</field>
       </record>

       <record model="res.groups.privilege" id="res_groups_privilege_school">
            <field name="name">School</field>
            <field name="category_id" ref="school_management.module_student_management"/>
            <field name="sequence">7</field>
        </record>

       <record model="res.groups" id="student_group_students">
           <field name="name">Student Access</field>
           <field name="privilege_id" ref="res_groups_privilege_school"/>
       </record>

       <record model="res.groups" id="student_group_teacher">
           <field name="name">Teacher Access</field>
           <field name="privilege_id" ref="res_groups_privilege_school"/>
       </record>

       <record model="res.groups" id="student_group_office">
           <field name="name">Office Access</field>
           <field name="privilege_id" ref="res_groups_privilege_school"/>
       </record>

   </data>
</odoo>